Question,Example_Answer,Category,Difficulty
How do you explain complex ideas clearly?,I break them into simple steps and use relatable examples.,Communication,Easy
How do you ensure others understand your message?,I ask questions and confirm understanding.,Communication,Medium
Describe a time when clear communication helped you.,Clear communication helped avoid confusion and delays.,Communication,Hard
How do you adjust communication for different audiences?,I adapt language and tone based on the audience.,Communication,Easy
How do you handle misunderstandings?,I clarify calmly and restate the message clearly.,Communication,Medium
What makes communication effective?,"Clarity, listening, and feedback make communication effective.",Communication,Hard
How do you communicate under pressure?,I stay calm and focus on key points.,Communication,Easy
Describe your listening skills.,I listen attentively and respond thoughtfully.,Communication,Medium
How do you present your ideas confidently?,I prepare well and structure my thoughts clearly.,Communication,Hard
How do you explain technical topics simply?,I avoid jargon and use real-life examples.,Communication,Easy
How do you handle disagreements during discussions?,I respect opinions and communicate calmly.,Communication,Medium
Describe a situation where communication solved a problem.,Clear communication helped resolve confusion efficiently.,Communication,Hard
How do you give feedback to others?,I give constructive and respectful feedback.,Communication,Easy
How do you ensure clarity in written communication?,I use simple language and structured sentences.,Communication,Medium
How do you communicate in team meetings?,I share ideas clearly and listen to others.,Communication,Hard
How do you explain processes step by step?,I explain each step in a logical order.,Communication,Easy
How do you handle communication failures?,I review what went wrong and improve.,Communication,Medium
How do you communicate ideas to non-technical people?,I simplify concepts and avoid technical terms.,Communication,Hard
What role does body language play in communication?,Body language supports verbal communication.,Communication,Easy
How do you handle difficult conversations?,I remain calm and respectful.,Communication,Medium
How do you improve your communication skills?,I practice regularly and seek feedback.,Communication,Hard
How do you communicate expectations clearly?,I explain goals and confirm understanding.,Communication,Easy
How do you manage communication in stressful situations?,I focus on clarity and patience.,Communication,Medium
How do you explain abstract ideas?,I use examples and analogies.,Communication,Hard
How do you respond when someone disagrees with you?,I listen and respond respectfully.,Communication,Easy
How do you maintain clarity while speaking?,I organize my thoughts beforehand.,Communication,Medium
How do you handle interruptions while speaking?,I stay focused and politely continue.,Communication,Hard
How do you communicate priorities?,I clearly highlight important points.,Communication,Easy
How do you ensure messages are not misunderstood?,I ask follow-up questions.,Communication,Medium
How do you present ideas logically?,I structure ideas step by step.,Communication,Hard
How do you explain your point of view?,I explain calmly with supporting reasons.,Communication,Easy
How do you communicate in group discussions?,I listen actively and contribute clearly.,Communication,Medium
How do you simplify complicated instructions?,I break them into smaller steps.,Communication,Hard
How do you communicate deadlines?,I clearly state timelines and expectations.,Communication,Easy
How do you ensure effective collaboration?,I communicate openly and listen actively.,Communication,Medium
How do you convey urgency without pressure?,I explain importance calmly.,Communication,Hard
How do you communicate goals?,I define goals clearly and concisely.,Communication,Easy
How do you handle communication barriers?,I adapt my communication style.,Communication,Medium
How do you explain feedback positively?,"I focus on improvement, not blame.",Communication,Hard
How do you communicate changes?,I explain reasons and impact clearly.,Communication,Easy
How do you express ideas confidently?,I prepare and speak clearly.,Communication,Medium
How do you communicate empathy?,I listen and acknowledge feelings.,Communication,Hard
How do you clarify doubts?,I ask clear and direct questions.,Communication,Easy
How do you explain your thoughts clearly?,I organize ideas before speaking.,Communication,Medium
How do you ensure two-way communication?,I encourage questions and feedback.,Communication,Hard
How do you summarize discussions?,I highlight key points clearly.,Communication,Easy
How do you communicate during conflicts?,I stay respectful and calm.,Communication,Medium
How do you communicate responsibilities?,I clearly define roles and tasks.,Communication,Hard
How do you explain solutions?,I explain steps and outcomes clearly.,Communication,Easy
How do you communicate effectively in presentations?,I structure content and speak clearly.,Communication,Medium
How do you explain unfamiliar topics?,I start with basics and build gradually.,Communication,Hard
How do you communicate professionally?,I use respectful language and tone.,Communication,Easy
How do you ensure clarity in conversations?,I speak clearly and confirm understanding.,Communication,Medium
How do you communicate ideas persuasively?,I support ideas with clear reasoning.,Communication,Hard
